1,Zandu Copper Bottle (Green): Prepared with 100% Pure Copper |Supports Digestive & Liver Health | Helps Enhance Immunity| Useful in Promoting Overall Health (Pack of 950 ml),"₹1,119"
2,"Kawaii Water Bottle With Straw, Stickers Cute Aesthetic Bottle Kawaii Milk Bottle Tea Cup Juice Shaker Portable Plastic Sport Square Shape Drinking Bottle -700Ml (Pink)",₹249
3,plastic water bottle (green),₹280
4,"Speedex Engraved Name Stainless Steel Sipper Water Bottle 1 Ltr – Customised Personalised Bottle for Kids & Adults, School, Gym, Sports, Dual Blue, Set of 1",₹379
5,"Clazkit Water Bottle Stainless Steel Sports/Fridge Bottle with Leak Proof Lid | Single Wall | For Home, Office, Gym, Travelling | Lightweight | BPA Free | 1000ml | Silver)",₹143
6,"Milton Flip Lid 1000 Thermosteel Water Bottle 1 LTR, 24 Hr Hot and Cold I Leak Proof Lid, ISI Certified I Vacuum Insulated I for Office, Gym, School I Silver",₹989
7,"MILTON Comet 1000 ISI Certified Stainless Steel Water Bottle I Leak Proof I Rust proof I Single Walled I Ideal for Office, School, Home, Gym, 1000 ml, Purple & Mint Green",₹299
8,"MILTON Costa 1000 Pet Water Bottle Set of 2, 1 Litre Each | Airtight & Leakproof Stainless Steel Lid | Unbreakable, BPA-Free, Reusable Plastic Fridge Bottles for Home, Office, School, Travel",₹199
9,"Lifelong Stainless Steel Water Bottle 900ml | Durable, Leak-Proof, Easy Grip, Rust Free, Easy-to-Clean, Odour-Free Bottle with Secure Cap for School, Travel, Gym & Work (LLBT03, Beige)",₹249
10,"MILTON Hector 1000 Water Bottle, 1 Litre, Reusable Plastic Fridge Bottle, BPA Free and Leak Proof Bottles for Travel, Work, Pack of 1, Grey",₹188
11,"Cello Puro Steel-X Benz 900 PU Insulated Water Bottle 900 ml, Green | BPA Free, Leakproof, ISI Certified |Hot & Cold Bottle for Gym, Office, College, Travel, Camping, Indoor & Outdoor Sports & Yoga",₹349
12,"Water Bottle 1 ltr Stainless Steel Sports/Fridge Bottle with Sipper Cap | 1-Year Warranty | Single Wall | For Home, Office, Gym | Lightweight | Craft Pro 950ml | Grey - Black Ombre",₹299
13,"Milton Aura 1000 Thermosteel Water Bottle, 24 Hr Hot and Cold I Leak Proof Lid, ISI Certified I Vacuum Insulated I for Office, Gym, School I Grey",₹995
14,"MILTON Pacific Pack of 6 Water Bottles, 1 Litre Each, Reusable Plastic Fridge Bottle Set, BPA Free and Leak Proof Bottles for Travel, Work, Blue",₹270
15,"CELLO H2O Stainless Steel Water Bottle For Office & Daily Use 1000 ml, Silver | Single Wall Freezer & Fridge Safe, Lightweight & Stylish Leakproof Rustproof Steel Water Bottle For School, Gym & Travel",₹249
16,"MILTON Reva 750 ISI Certified Stainless Steel Water Bottle with Twin Lid Sip or Gulp, 750ml | Single Wall, BPA-Free, Leakproof | Sturdy Handle | Ideal for Home, Office, Gym & Travel, Black",₹376
17,"Boldfit Stainless Steel Water Bottle 1 Litre – BPA-Free, Leak-Proof & Rust-Free Metal Bottle with Handle – Lightweight, Food-Grade, Easy to Clean – Ideal for Office, Gym, School, Travel & Fridge Use",₹269
18,"ATTRO Ultra Pro 2 Motivational 2-Liter BPA-Free Water Bottle with Leak-Proof Flip-Top Cap, Nylon Strap and Stylish Mint Green Color for Daily Hydration",₹219
19,"Boldfit Water Bottles Stainless Steel Water Bottle 1 Litre Steel Bottles for School, Office, Home, Gym 1 Litre for Men Leakproof, Rust free Metal Bottle -1000 ml Pink Blue",₹249
20,"Milton Duo DLX 1000 Thermosteel 24 Hours Hot and Cold Water Bottle, 1 Litre, Silver",₹999
21,"Water Bottle 1 LTR Stainless Steel | Hot & Cold Flask | ISI Certified Steel Bottle | Three Layer Insulation | Leakproof | for Home, Office | 1-Year Warranty | Naruto 1000 | Grey - Itachi","₹1,119"
22,"Bamboo Water Bottle with Tea Infuser (450ml) l with Tea Infuser Strainer, Wide Mouth Reusable Drink Bottle, Anti-Slip Base, Eco-Friendly Water Bottle for Office, Travel & Gym",₹490
23,"Nova | Vacuum Insulated Water Bottle | Stainless Steel Dual Access with Both Sip & Pour Lid | Thermos Hot & Cold | Water Bottle for Office, School, Gym and and Outdoor (Olive Green)","₹1,599"
24,"Small Glass Water Bottle, 300ml, Portable Mini Drinking Bottle with LidFrosted Glass Water Bottle with Lid Small Coffee Mug Cute Juice Jar Flower Tea Drinking Cup, Easy to carry set 2",₹249
25,"MILTON Aston 1000 BPA & BPS-Free Water Bottle 1 ltr | Food-Grade Plastic | One-Click Open | Leak-Proof | Sip & Gulp Lid I Ideal for Office, School, College, Gym, Green",₹254
26,"MILTON Handy 650 Stainless Steel Sipper Water Bottle 690 ml, Single Walled, ISI Certified I Leak Proof Lid, Rust Proof I For School, Office, Gym I Purple",₹300
27,"Borosil 900ml Gosports Black Stainless Steel Bottle | ISI Certified Made in India Double Wall Vacuum Insulated Flask | 14 Hours Hot & 18 Hours Cold | Leakproof, BPA Free | 1 Year Warranty",₹947
28,"SOLARA Insulated Water Bottle 2000ml, Hot Water Bottle, Thermosteel Water Bottles for Travel, Home, Office, School, Gym, Adults, Water Bottle Hot and Cold, Sipper Bottle, Blue Wave","₹1,999"
29,2L:-Capacity Belt Straw|Transparent Motivational Water Bottles|Time Marker Leak Proof&Break-Proof|Best Usage For-Sport/Office/School/Gym-2L:- (BLUE),₹179
30,"Nova | Vacuum Insulated Water Bottle | Stainless Steel Dual Access with Both Sip & Pour Lid | Thermos Hot & Cold | Water Bottle for Office, School, Gym and and Outdoor (White)","₹1,599"
31,"Sumeet Thermo1000 Stainless Steel 24 Hours Hot & Cold ISI Certified Double Walled Leak Proof Vacuum Flask/Water Bottle 1000ml (1 Liter) for Office/School/College/Gym/Picnic/Home/Trekking, Silver",₹569
32,"Clazkit Water Bottle Stainless Steel Sports/Fridge Bottle with Leak Proof Lid | Single Wall | For Home, Office, Gym, Travelling | Lightweight | BPA Free |Set Of 1-750ml | Silver)",₹150
33,"Amazon Brand - Solimo Stainless Steel Insulated 24 Hours Hot or Cold Bottle Flask, 1000 ml, Silver",₹599
34,"Water Bottle 1 LTR Stainless Steel | Hot and Cold Flask | ISI Certified Steel Bottle | Three Layer Insulation | Leakproof | for Home, Office | 2-Year Warranty |Bravo 1000| Denim Blue",₹679
35,"Borosil Hydra Trek Stainless Steel Water Bottle | Double Wall Vacuum Insulated Flask, Green | 20 Hours Hot & 24 Hours Cold | Ideal for Personal & Corporate Gifting | 1 Year Warranty (Black, 850 ml)",₹864
36,"MILTON Aqua 1000 Stainless Steel Water Bottle 920 ml, Single Walled, ISI Certified I Leak Proof Lid, Rust Proof I For School, Office, Gym I Light Pink",₹361
37,"CELLO Venice Water Bottles Set of 6 Pcs For Daily Use, 1000ml Each Multicolor | Stylish & Unbreakable BPA-Free Leakproof Freezer & Fridge Safe Pet Water Bottle For School, Office, Kitchen & Travel",₹549
38,"CELLO H2O Water Bottles Set of 3 Pcs For Daily Use, 1000ml Each Multicolor | Stylish & Unbreakable BPA-Free Leakproof Freezer & Fridge Safe Pet Water Bottle For School, Office, Kitchen & Travel",₹449
39,"CELLO Aquaria Glass Water Bottle For Daily Use 1000 ml, Transparent | Durable & Stylish, Freezable & Fridge Safe, Leakproof & Leadfree Toughened Glass Water Bottle For Juices, Milk & Cold Beverages",₹169
40,"Pigeon by Stovekraft Rush Thermos Stainless Steel Sipper Flask 675ml with Straw,Cleaner and Additional Screw Cap| 24 Hours Hot and Cold|Ideal Usage for Office Men/Women|School/College|Travel|Green",₹799
41,"MILTON Aston 700 BPA & BPS-Free Water Bottle 700 ml| Food-Grade Plastic | One-Click Open | Leak-Proof | Sip & Gulp Lid I Ideal for Office, School, College, Gym, Green",₹221
42,"CASPIAN /// Aqua Customised Stainless Steel Water Bottle 1L, Blue with Logo Print - Personalised Water Bottle with Your Name Print for Kids Boys Girls School Office Gym- Perfect for Corporate Gifting",₹299.99
43,"KELVEE FreeSip Sway 900ml Insulated Stainless Steel Water Tumbler with Two-Way Spout & Straw, Bucket Handle, Leak-Proof BPA-Free Sports & Travel Sipper for School, Gym & Outdoor (Very Dark)",₹948
44,"Amazon Brand - Solimo Stainless Steel Water Bottles Set of 6, 1L Each | Rust-Resistant, Shatter-Proof, Spill-Proof | Food Grade Steel | for Office, Home, Travel | Everyday Essential (Silver)","₹1,429"
45,"Milton Sparkle 600 Thermosteel Water Bottle with Easy Sip Cap and Handle, 620 ml, Vacuum Insulated Stainless Steel, Hot and Cold, On The Go Bottle for Office College, Blue",₹891
46,"CELLO H2O Premium Edition Water Bottles Set of 4 Pcs For Daily Use 1000ml Each, Transparent | Unbreakable BPA-Free Leakproof Freezer & Fridge Safe Pet Water Bottle For School, Office, Kitchen & Travel",₹700
47,"Rabitat ZYLO 550ml Kids Water Bottle for School | 2-Year Brand Warranty | Magnetic Flip Cap, Leakproof | Triple Insulated Stainless Steel Thermosteel Flask | 24 Hrs Hot & Cold | Miss Butters",₹999
48,"Gallon Water Bottle 1.5 Litre for Gym & Sports, Gallon Bottles for Men & Women, Water Gallon 1.5 Litre Gym Water Bottle for Men, Women, Boys & Girls Gym Bottle (Plastic)",₹134
49,"CELLO Venice Water Bottles Set of 3 Pcs For Daily Use, 1000ml Each Multicolor | Stylish & Unbreakable BPA-Free Leakproof Freezer & Fridge Safe Pet Water Bottle For School, Office, Kitchen & Travel",₹269.10
50,"CELLO H2O Glass Water Bottle Set of 3 Pcs for Office & Daily Use 920 ml, Blue | Durable Freezable & Fridge Safe, Leakproof Wide Mouth Leadfree Toughened Glass Water Bottle For Kitchen & Travel",₹549
51,"Milton Fame 1000 Thermosteel Water Bottle 880 ml, 24 Hr Hot and Cold I Leak Proof Lid, ISI Certified I Vacuum Insulated I for Office, Gym, School I Peach","₹1,144"
52,"Borosil Hydra Trek Stainless Steel Water Bottle | Double Wall Vacuum Insulated Flask, Green | 20 Hours Hot & 24 Hours Cold | Ideal for Personal & Corporate Gifting | 1 Year Warranty (Green, 700 ml)",₹895
53,"Nice Premium Glass Water Bottle 400ml | Hot & Cold Leakproof Drinking Bottle | BPA Free Small Cute Bottle for Kids, School, Office, Gym & Travel | Ultra-Lightweight & Easy to Carry,",₹99
54,"CELLO H2O Premium Edition Water Bottles Set of 3, 1000ml Each | Airtight & Leakproof Lid |BPA-Free, Food Grade Bottle For Kitchen |Reusable Set of Fridge Bottles for Home, Office, Gym, Gifting",₹559
55,Vector X Gallon Plastic Water Bottle,₹899
56,"Perch Water Bottle 1 LTR Stainless Steel | Hot and Cold Flask | ISI Certified | Vacuum Insulated | BPA Free | Leak Proof Lid | for Office, School, Gym, Home, Travel | Zenith 1000ml | Amber Brown",₹989
57,"Water Bottle 600ml | Hot and Cold Flask | ISI Certified Stainless Steel Bottle | 3 Layer Insulation | Leakproof | for Home, Office | 2-Year Warranty |Morocco | White - Breeze",₹999
58,"Go24 pexpo Arctic 900 ISI Certified Stainless Steel Fridge/Sipper Water Bottle - 800ml | Flip Top Cap | Single Wall | For Gym, School, Trekking, Sports | for Men, Women and Kids -Knight Black",₹439
59,Namah™ Insulated Tumbler with Straw 890 ml & Handle Leak Proof Stainless Steel Vacuum Sipper Bottle Hot & Cold Water Tumbler for Office Gym Travel Car Cup Holder Friendly,₹999
60,Glass Dot Water Bottle,₹239
61,"Water Bottle 600ml | Hot and Cold Flask | ISI Certified Stainless Steel Bottle | 3 Layer Insulation | Leakproof | for Home, Office | 2-Year Warranty |Morocco | White - Breeze",₹999
62,"Water Bottle 1 LTR Stainless Steel | Hot & Cold Flask | ISI Certified Steel Bottle | Three Layer Insulation | Leakproof | for Home, Office | 1-Year Warranty | Naruto 1000 | Grey - Itachi","₹1,119"
63,"Water Bottle | 2-in-1 with Built-In Straw & Sip Spout, Leakproof with Carry Strap, BPA-Free, Reusable for Gym, Travel & Daily Use",₹211
64,"Set of 3 Transparent Water Bottle 2000ML, 900ML, 300ML with Motivational Time Marker || Leak Proof&Break-Proof || Best Usage For Office/School/Gym/Travel (SET OF 3) (Light Pink)",₹463
65,"LuvLap Anti-Colic Wide Neck Natura Flo Baby Polypropylene and Silicone Feeding Bottle, 250Ml (Pack of 2), New Born / Infants / Toddler upto 3 years, BPA Free, Pack of 2, White & Red",₹330
66,"Amazon Brand - Solimo Stainless Steel Water Bottle, Set of 2, 1 L Each (Elate)",₹459
67,"Go24 pexpo Arctic 900 ISI Certified Stainless Steel Fridge/Sipper Water Bottle - 800ml | Flip Top Cap | Single Wall | For Gym, School, Trekking, Sports | for Men, Women and Kids -Knight Black",₹439
68,Boldfit Tumbler Bottle with Lid and Straw 1.2L Stainless Steel Water Tumbler | Leakproof Travel Mug with Handle & Reusable Straw Sipper with Cleaning Brush 1200ml,₹904
69,"MILTON Pacific Pack of 6 Water Bottles, 1 Litre Each, Reusable Plastic Fridge Bottle Set, BPA Free and Leak Proof Bottles for Travel, Work, Grey",₹270
70,"CELLO Venice Exclusive Edition Water Bottles Set of 5 Pcs For Daily Use 1000ml Transparent | Stylish & Unbreakable BPA-Free Leakproof Freezer & Fridge Safe Pet Water Bottle For School, Office & Travel",₹540
71,"Roughhouse 2.5L Gallon Water Bottle – Leak-Proof, BPA-Free Gym Jug with Carry Handle & Flip-Top | Stay Hydrated During Workouts, Sports & Travel | Built for Hard-Hitting Athletes",₹499
72,"Attro Plastic Jumbo Gym 3 Liter Water Bottle Comes With Easy to Carry Grip Handle BPA Free, Food Grade Ideal for Jym Workout, Sports, School & Office-Blue",₹429
73,"MILTON Helix 1000 Pet Water Bottle 1 Litre Each BPA Free, Leak Proof, Office Bottle Home Kitchen Travel Bottle, Set of 4, Assorted | Each",₹389
74,"Milton Atlantis 600 Thermosteel Water Bottle 500 ml, 24 Hr Hot and Cold I Leak Proof Lid, ISI Certified I Vacuum Insulated I for Office, Gym, School I Purple",₹700
75,"CELLO Venice Water Bottles Set of 5 Pcs For Daily Use, 1000ml Each Multicolor | Stylish & Unbreakable BPA-Free Leakproof Freezer & Fridge Safe Pet Water Bottle For School, Office, Kitchen & Travel",₹449
76,"CELLO Puro Steel-X Hydra Kid 600 Inner Steel Insulated Water Bottle 520ml, Blue | Spiderman Design | ISI Certified, Leakproof | Easy to Carry with Loop | Insulated Cold Water Bottle For School",₹399
77,"Pexpo Stainless Steel 24 Hrs Hot & Cold Vacuum Insulated Water ISI Certified Flask, 750ml, Knight Black with Printed Design, Oslo | Eco-Friendly, Durable, ISI Certified",₹769
78,"MILTON KIP SIP, Pack of 4 Water Bottles with Drinking Glass Lid, 1 Litre each, Reusable Plastic Fridge Bottle Set, BPA Free and Leak Proof Bottles for Travel, Work, Assorted",₹351
79,Philips Avent Natural Plastic Baby Feeding Bottle | No.1 Brand Recommended by Moms Worldwide | 1 Months+ Baby | Mimics Breastfeeding | Uniquely Designed Nipple | Pack of 1| SCY903/01,₹570
80,"MILTON Kool Steelight 400 Kids Plastic Insulated Water Bottle with Straw, 380 ml, Sipper Bottle, Leak Proof, BPA Free, Food Grade, School & Picnic Bottle, Pearl Blue",₹307
81,4Mura 2 L Capacity Belt Straw Transparent Motivational Water Bottles|Time Marker Leak Proof&Break-Proof|Best Usage For Office/School/Gym/Travel Bottle|Bpa-Free Fitness Sports Bottle (PINK),₹179
82,Glass Dot Water Bottle,₹239
83,House of Quirk 1500ML Stainless Steel Mug Tumbler with Handle & Straw Lid – Large Water Bottle for Men & Women (White Leopard),"₹1,349"
84,VISBY INDIA 2 L Capacity Belt Straw Transparent Motivational Water Bottles|Time Marker Leak Proof&Break-Proof|Best Usage For Office/School/Gym/Travel Bottle|Bpa-Free Fitness Sports Bottle (GREEN),₹179
85,"Boldfit Water Bottles Sipper Bottle For Adults, Kids,Unbreakable Motivational Water Bottle Time Mark Sipper With Straw & Time For Gym Office School Home Water Bottle for Kids",₹399
86,"Speedex Customised Stainless Steel Water Bottle 1 Ltr with Name – Personalised Engraved Sipper Cap Bottle for Kids, Men & Women, School, Gym, Office Black Blue, Set of 1",₹379
87,"MILTON Super 750 Stainless Steel Water Bottle 650 ml, Single Walled, ISI Certified I Leak Proof Lid, Rust Proof I For School, Office, Gym I Silver",₹342
88,"Glass Borosilicate Water Bottles, H2O Fridge Water Bottle With Cap, Leak Proof & Airtight Lid, Water Bottle For Office, School, College - 500ML Bottles With Time Marker (Pink 500ML)",₹281
89,"MILTON Handy 650 Stainless Steel Sipper Water Bottle 690 ml, Single Walled, ISI Certified I Leak Proof Lid, Rust Proof I For School, Office, Gym I Black",₹300
90,"Pigeon Plastic, Stainless Steel Inox Hydra Duo, Dual Cap, Flipper And Fridge In One Bottle, Easy To Use, Multipurpose All In One Bottle 900Ml, Black",₹259
91,"Go24 pexpo Chromo Pro ISI Certified Stainless Steel Sports/Fridge Sipper Water Bottle - 750ml | Single Wall |Lightweight | For Home, Office, Gym, School, Travelling - Military Green",₹309
92,"Lifelong Stainless Steel Water Bottle with Sipper | 950ml Durable, Leak-Proof, Easy Grip, Rust Free, Easy-to-Clean, Odour-Free Bottle with Secure Cap for School, Travel, Gym & Work (LLWBTSP03, Black)",₹249
93,"MILTON Oscar, Pack of 6 Water Bottles, 1 Litre each, Reusable Plastic Fridge Bottle Set, BPA Free and Leak Proof Bottles for Travel, Work, Blue",₹267
94,"SLOVIC Steel Water Bottle 1 Ltr | Incredible India Design Fridge Water Bottle | 100% BPA Free & leak-Proof | Sipper Water Bottles for Adults | Ideal for Gym, Sports & Camping",₹399
95,"Boldfit Gym Gallon Bottle for Men 2 Litre Water Bottle for Gym Workout Motivational Sipper Bottle for Adults Gallon Gym Water Bottle for Home, Fitness for Men & Women 2 Litre Gallon",₹419
96,"Frosty Plastic Food Grade Fridge Square Water Bottle Gift Set(6 pieces, 1L,Assorted) | 950 milliliter",₹516
97,"MILTON Caper 1000 Stainless Steel Water Bottle 870 ml, Single Walled, ISI Certified I Leak Proof Lid, Rust Proof I For School, Office, Gym I Black",₹324
98,"SKYTONE® Water Bottle For Office, Gym, Travel, Sports Leakproof 2 Liter Bottle With BPA-Free Plastic Included Silicone Pipe (Purple) (Pink)",₹499
99,"Silicone Sipper Water Bottle For Adults With Motivational Time Marker & Leak Proof Non-Toxic Transparent Water Bottle For Office, Gym, School, Collage, Home (2 Litre)",₹249
100,"Clazkit 2L Motivational Water Bottle with Time Marker Transparent, Leak-Proof, and Break-Proof Office, School, College,Travel Bottle BPA-Free Sport Bottle Purple| Plastic",₹295
101,"MILTON Maverick 800 Stainless Steel Water Bottle, Leakproof Lid, Single Walled, ISI Certified I for School, Office, Gym I 780 ml, Aqua Green",₹348
102,"Water Bottle 1 LTR| Hot and Cold Flask | ISI Certified Stainless Steel | 3 Layer Insulation | Leakproof | for Home, Office | 2-Year Warranty | Electro 980ml | Military Green",₹719
103,"Milton Water Bottle Steel Convey 900 PU Insulated, Inner Stainless Steel Bottle, 630 ml, Leak Proof, BPA Free, Ideal for Home, Office, Gym, Travelling, Blue",₹354
104,"United Colors of Benetton 750 ml Stainless Steel Water Bottle, Single Wall, Lightweight, Durable, Leak-Proof Cap, BPA-Free, Rust Resistant, Easy to Clean, Travel/Gym/Office/School Use (Green)",₹398
105,"Attro Motivational 1 Liter Quotes & Time Marker Dual Colour Sports Plastic Bottle BPA Free, Leak Proof Sipper Bottle for Gym, Office, Workout-Dark Blue Sky Blue",₹329
106,"Stainless Steel Water Bottle, 1 Litre Capacity,Gym, Office, Boys, Girls, Men, Women, Kids, Fridge 1Ltr - 1000 ml, Leak-proof Sipper Cap (Pack of 1, Turquoise)",₹289
107,"The Better Home Stainless Steel Water Bottle 1 Litre | Leak Proof, Durable & Rust Proof | Non-Toxic & BPA Free Steel Bottles 1+ Litre | Eco Friendly Stainless Steel Water Bottle (Pack of 3)",₹699
108,"The Better Home Stainless Steel Bottle 1 Litre | Leak Proof, Durable & Rust Proof | Non-Toxic & BPA Free Steel Bottles 1+ Litre | Eco Friendly Stainless Steel Water Bottle (Pack of 5) (Blue) | Leak Proof","₹1,399"
109,"CELLO H2O Round Water Bottle 1000ml, Black | BPA Free, Unbreakable & Reusable PET Bottle | Leakproof Silicone Lid Fridge Set of Water Bottle For Kitchen, Office, School, College, Travel & Gifting",₹169
110,"Water Bottle 1 ltr Stainless Steel Sports/Fridge Bottle with Sipper Cap (Pack of 3)| 1-Year Warranty | Single Wall | For Home, Office, Gym, Travelling | Craft Pro 950ml | Pink-Purple Ombre",₹859
111,"Boldfit Water Bottles Stainless Steel Water Bottle 1 Litre Steel Water Bottles for School, Office, Home, Gym 1 Litre Water Bottle for Men Leakproof, Rust Free Steel Bottle",₹249
112,"CELLO Duro Kent Insulated Stainless Steel Flask Water Bottle for Daily Use 750 ml, Black| ISI Certified Double Wall Vacuum Insulated 24 Hours Hot & Cold Thermos Water Bottle for Office, Gym & Travel",₹799
113,"MILTON Sipstar 750 Stainless Steel Sipper Water Bottle 690 ml, Single Walled, ISI Certified I Leak Proof Lid, Rust Proof I for School, Office, Gym I Black",₹345
114,"MILTON Super 500 Stainless Steel Water Bottle, 475 ml, Light Pink | Single walled | Leak Proof | Easy Grip | Easy to Carry | Gym Bottle | Home | Kitchen | Hiking | Treking Bottle | Travel Bottle",₹291
115,"CULT Stainless Steel Water Bottle 1 Litre with Sports Cap – Durable, Leakproof, Rust-Resistant, Easy to Clean, Lightweight & Portable – Ideal for Gym, Office, Travel & Outdoor Black",₹320
116,"TintBox Borosilicate Glass Water Bottle with Silicone Sleeve | as seen on Shark Tank | perfect for Office, Home, Fridge, Gym, Travel | BPA Free | Cool Green | 750ml",₹879
117,"Nice Vacuum Flask Water Bottle, Leak-Proof, Lightweight, with Carry Strap, for School, Office, Gym and Travel",₹299
118,"JANUIL ECO LEAF 1L Terracotta Clay Water Bottles with Lid | Glass | Natural Choice for Chilling water | Reusable, BPA-free, Eco-Friendly, Maintain cool and Fresh water | Handmade in India (Pack of 1)",₹375
119,"Hello Master Glass Water Bottle Set of 2 – Reusable Elegant Drinking Bottles for Office, School, Gym & Sports – Leakproof, Eco-Friendly Water Bottle",₹299
120,"Nova | Vacuum Insulated Water Bottle | Stainless Steel Dual Access with Both Sip & Pour Lid | Thermos Hot & Cold | Water Bottle for Office, School, Gym and and Outdoor (Olive Green)","₹1,599"
121,Glass Dot Water Bottle,₹239
122,"Reusable Transparent Cute Bunny Ear Glass Water Bottle with Straw Lid for School, Office, Travel & Daily Beverage Use",₹209
123,4Mura 2 L Capacity Belt Straw Transparent Motivational Water Bottles|Time Marker Leak Proof&Break-Proof|Best Usage For Office/School/Gym/Travel Bottle|Bpa-Free Fitness Sports Bottle (PINK),₹179
124,"Set of 3 Transparent Water Bottle 2000ML, 900ML, 300ML with Motivational Time Marker || Leak Proof&Break-Proof || Best Usage For Office/School/Gym/Travel (SET OF 3) (Light Pink)",₹463
125,"Lifelong Stainless Steel Water Bottle with Sipper | 950ml Durable, Leak-Proof, Easy Grip, Rust Free, Easy-to-Clean, Odour-Free Bottle with Secure Cap for School, Travel, Gym & Work (LLWBTSP03, Black)",₹249
126,"Your Name Personalized Stainless Steel Sports Water Bottle with LED Temperature Display, Corporate Gift smart Bottle (Black)",₹296
127,"CELLO Venice Exclusive Edition Water Bottles Set of 3 Pcs For Daily Use 1000ml, Transparent | Unbreakable BPA-Free Leakproof Freezer & Fridge Safe Pet Water Bottle For School, Office, Kitchen & Travel",₹339
128,"Clazkit 2L Motivational Water Bottle with Time Marker Transparent, Leak-Proof, and Break-Proof Office, School, College,Travel Bottle BPA-Free Sport Bottle Purple| Plastic",₹295
129,"Milton Water Bottle Steel Convey 900 PU Insulated, Inner Stainless Steel Bottle, 630 ml, Leak Proof, BPA Free, Ideal for Home, Office, Gym, Travelling, Blue",₹354
130,"Boldfit Plastic Gym Gallon Water Bottle 2.5 Liter, Extra Large Leak Proof Fitness Sports Gallon Jug (Black Yellow)",₹649
131,"Attro Motivational 1 Liter Quotes & Time Marker Dual Colour Sports Plastic Bottle BPA Free, Leak Proof Sipper Bottle for Gym, Office, Workout-Dark Blue Sky Blue",₹329
132,Pigeon by Stovekraft INOX Hydra Plus Stainless Steel Drinking Water Bottle 900 ml - Silver,₹237
133,"Water Bottle 1 LTR| Hot and Cold Flask | ISI Certified Stainless Steel | 3 Layer Insulation | Leakproof | for Home, Office | 2-Year Warranty | Electro 980ml | Military Green",₹719
134,"Stainless Steel Water Bottle, 1 Litre Capacity,Gym, Office, Boys, Girls, Men, Women, Kids, Fridge 1Ltr - 1000 ml, Leak-proof Sipper Cap (Pack of 1, Turquoise)",₹289
135,"United Colors of Benetton 750 ml Stainless Steel Water Bottle, Single Wall, Lightweight, Durable, Leak-Proof Cap, BPA-Free, Rust Resistant, Easy to Clean, Travel/Gym/Office/School Use (Green)",₹398
136,"MILTON Handy 650 Stainless Steel Sipper Water Bottle 690 ml, Single Walled, ISI Certified I Leak Proof Lid, Rust Proof I For School, Office, Gym I Red",₹300
137,"MILTON Maverick 800 Stainless Steel Water Bottle, Leakproof Lid, Single Walled, ISI Certified I for School, Office, Gym I 780 ml, Aqua Green",₹348
138,"Clazkit Alpha Sporty Stainless Steel Water Bottle – Leakproof, Durable & BPA-Free | Lightweight Metal Bottle for Gym, Office, School & Travel - 1000ml",₹263
139,"PLUSPOINT Bus Shape Water Bottle for Kids Detachable Straw with Shoulder Strap Leak-Proof Cartoon Water Bottle with Wheels (Color-Blue), Silicone, 500 ML",₹455
140,"Solpro Phantom 1000mL Stainless Steel Bottle for Office,School,College,Travel,Gym,Yoga,Camping,Sports & Outdoor for Men,Women,Athletes,Kids,Children,Student, & Youth; Odor,Leak & BPA Free(Royal Blue)",₹269
141,Stainless Steel Hot and Cold Water Bottle Double Wall Vacuum Insulated 800 ml BPA Free Leak Proof for Office School Gym and Travel,₹699
142,"H2O Glass Water Bottle Stylish for Office Men & Women-700ml Aesthetic Drinkware,Eco-friendly Reusable Glass Bottle for Fridge,Travel & Detox Water",₹389
143,"Water Bottle 600ml | Hot and Cold Flask | ISI Certified Stainless Steel Bottle | 3 Layer Insulation | Leakproof | for Home, Office | 2-Year Warranty |Morocco | White - Breeze",₹999
144,"Cute Daisy Flower Glass Water Bottle with Lid & Keychain, Leak Proof Frosted Drinking Bottle for Water, Juice, Milk, Coffee, Travel Cup",₹186
145,"Borosil 1000 ml Hydra Coolsip Mint Stainless Steel Water Bottle | ISI Certified, Made in India | Single Wall, Leakproof| Bottle for Office, School, College & Gym | 1 Year Warranty",₹388
146,"The Better Home Stainless Steel Water Bottle 1 Litre | Leak Proof, Durable & Rust Proof | Non-Toxic & BPA Free Steel Bottles 1+ Litre | Eco Friendly Stainless Steel Water Bottle (Pack of 3)",₹699
147,CORPORATE PORIUM Your Name Printed Stainless Steel Bottle | Vacuum Insulated Bottle with Tea Filter | 500 ML | Easy to Carry | Leakproof Bottle Personalized Gift Flask | Permanent Printing (Crankle),₹299
148,"MILTON Prime Pack of 5 Water Bottles, 1 Litre Each I BPA Free I Food Grade Fridge Bottle Set I Leak Proof Bottles for Travel, Work, Assorted",₹445
149,"Water Bottle 1 ltr Stainless Steel Sports/Fridge Bottle with Sipper Cap (Pack of 3)| 1-Year Warranty | Single Wall | For Home, Office, Gym, Travelling | Craft Pro 950ml | Pink-Purple Ombre",₹859
150,"CELLO Swift Insulated Stainless Steel Flask Water Bottle for Daily Use 2000 ml | ISI Certified Double Wall Vacuum Insulated 24 Hours Hot & Cold Thermos Water Bottle for Picnic, Gym, Trekking & Travel","₹1,599"
151,"Boldfit Water Bottles Stainless Steel Water Bottle 1 Litre Steel Water Bottles for School, Office, Home, Gym 1 Litre Water Bottle for Men Leakproof, Rust Free Steel Bottle",₹249
152,"TintBox Borosilicate Glass Water Bottle with Silicone Sleeve | as seen on Shark Tank | perfect for Office, Home, Fridge, Gym, Travel | BPA Free | Cool Green | 750ml",₹879
153,"MILTON Sipstar 750 Stainless Steel Sipper Water Bottle 690 ml, Single Walled, ISI Certified I Leak Proof Lid, Rust Proof I for School, Office, Gym I Black",₹345
154,"CASPIAN /// Aqua Stainless Steel Water Bottle (Blue, White & Green, 1 Litre, Set of 6)| Leak Proof Thunder for Fridge Home Office Travel School Kids Boys Girls Adults Sports Gym Yoga","₹1,897"
155,"CULT Stainless Steel Water Bottle 1 Litre with Sports Cap – Durable, Leakproof, Rust-Resistant, Easy to Clean, Lightweight & Portable – Ideal for Gym, Office, Travel & Outdoor Black",₹320
156,CELLO H2O Round Unbreakable Plastic Water Bottle Premium Edition | Lid is sealed by a silicone ring | Leak proof & break-proof | 1 Liter | Clear,₹185
157,"MILTON Super 500 Stainless Steel Water Bottle, 475 ml, Light Pink | Single walled | Leak Proof | Easy Grip | Easy to Carry | Gym Bottle | Home | Kitchen | Hiking | Treking Bottle | Travel Bottle",₹291
158,"The Better Home Stainless Steel Bottle 1 Litre | Leak Proof, Durable & Rust Proof | Non-Toxic & BPA Free Steel Bottles 1+ Litre | Eco Friendly Stainless Steel Water Bottle (Pack of 5) (Blue) | Leak Proof","₹1,399"
159,"CELLO H2O Round Water Bottle 1000ml, Black | BPA Free, Unbreakable & Reusable PET Bottle | Leakproof Silicone Lid Fridge Set of Water Bottle For Kitchen, Office, School, College, Travel & Gifting",₹169
160,"Jmax 300ml Motivational Water Bottle with Time Marker & Gradient Design – Leakproof BPA Free Reusable Water Bottle for Gym, Office, Travel, and Daily Hydration (Pack Of 03)",₹119
161,"CELLO Duro Kent Insulated Stainless Steel Flask Water Bottle for Daily Use 750 ml, Black| ISI Certified Double Wall Vacuum Insulated 24 Hours Hot & Cold Thermos Water Bottle for Office, Gym & Travel",₹799
162,"The Better Home Splash Stainless Steel Water Bottle 1 Litre | Leak Proof, Durable & Rust Proof | For Office & Travel | Pack of 5, Military Green","₹1,399"
163,"MILTON Handy 850 Stainless Steel Sipper Water Bottle 780 ml, Single Walled, ISI Certified I Leak Proof Lid, Rust Proof I For School, Office, Gym I Purple",₹308
164,"DOCAT 1200ML Stainless Steel Tumbler with Lid and Straw, Hot and Cold Double Insulated Sipper Mug, 100% Leak Proof Coffee Tumbler Cupholder for Office, Gym, Travelling (Cotton Candy Haze)",₹899
165,"Go24 pexpo Water Bottle 1 LTR, Stainless Steel, ISI Certified, Hot & Cold Flask with Jute Bag | 3 Layer Insulation | 2 Year Warranty | for School, Office, Travel & Picnic | Fererro | Military Green",₹869
166,"MILTON Prime 1000 Water Bottle, 1 Litre, Reusable Plastic Fridge Bottle, BPA Free and Leak Proof Bottles for Travel, Work, Pack of 1, Blue",₹130
167,"rabitat Steel Play Kids Stainless Steel Water Bottle 450ml | 2 Year Warranty | Leakproof Sipper | Soft Silicone Spout, Flip-Lock Cap & Handle | BPA-Free 18/8 SS | Anti-Skid Base | Coolest Kid Ever",₹699
168,"MILTON Active 750 Stainless Steel Water Bottle with Spout Mouth 620 ml, Single Walled, ISI Certified I Leak Proof Lid, Rust Proof I For School, Office, Gym I Yellow",₹296
169,"SLOVIC Stainless Steel Water Bottle 1 LTR | 100% BPA Free & Leak-Proof | Sipper Water Bottle for Adults | Sipper Water Bottle for Adults | Ideal for Gym, Sports & Camping",₹279
170,"Go24 pexpo Bistro ISI Certified Stainless Steel Fridge Cooling/Sports Sipper Water Bottle 750ml, Military Green|Single Wall| Home, Office, Gym, School, Yoga, Trekking, Men, Women & Kids",₹299
171,"Nice Water Bottle/BPA Free Glass Inner Liner with Plastic Shell for School, Gym, Home and Office/Leak Proof Water Bottle 500 ml (Pack of 2)",₹299
172,"Nike HYPERSPORT BOTTLE 20 OZ - ANTHRACITE/BLACK/BLACK/ANTHRACITE, 591 ML",₹999
173,"Speedex Stainless Steel Water Bottle 1 Ltr, Leak Proof Sipper Cap, BIS Approved 1000 ml Metal Bottle For Daily, Office, School, Gym, Travel Use for Men, Women, Kids, Adults, Black Blue, Set of 1",₹349
174,"Tumbler with lid and Straw 1200ML Cup Stainless Steel Vacuum Insulated Tumbler for Water, Iced Tea or Coffee 1.2L Office Gym Travelling (40 - Oz - Black)",₹849
175,"CULT Motivational Water Bottle 1 Litre with Straw & Time Marker – BPA-Free, Leakproof, Portable Sipper with Locking Lid & Carry Strap – Ideal for Gym, Office, Travel & Daily Hydration – Black",₹499
176,Osasbazaar Pure Silver Water Bottle with laser engraved colorful Nakashi - 650 ml - 97%-99% Pure BIS Hallmarked,"₹1,17,839"
177,"Hello Master Glass Water Bottle Set of 2 – Reusable Elegant Drinking Bottles for Office, School, Gym & Sports – Leakproof, Eco-Friendly Water Bottle",₹299
178,"Water Bottle For Office, Gym, Travel, Sports Leakproof 2 Liter Bottle With BPA-Free Plastic Included Silicone Pipe (Blue)",₹296
179,"Water Bottle 1 LTR Stainless Steel | Hot & Cold Flask | ISI Certified Steel Bottle | Three Layer Insulation | Leakproof | for Home, Office | 1-Year Warranty | Naruto 1000 | Grey - Itachi","₹1,119"
180,VOIK Aura Stainless Steel Water Bottle | 750ml | Historical Black UV Print | Rust-Free | BPA-Free | Leak-Proof | Wide Mouth | Lightweight | ISI Certified | 202 Food Grade Steel (Screw Cap),₹398
